prefix,dim,type,accuracy_balanced,accuracy_train,precision,recall,run,hash_train,hash_test
clip_minmax_gaussian2c_minmax,2,stat,0.9595452141723955,0.9761904761904762,0.9673796166432913,0.967391304347826,10,9dd49c7c0fa9ed77b4103f9e350c0378112749ade37016b836b4dafc318516e4,8a51de072888c4ac23576b563b28e8a3a68d45fb033991081ca19d6d3596fa58
clip_minmax_gaussian2c_minmax,3,stat,0.9756742464304601,0.9829931972789115,0.9782608695652174,0.9782608695652174,10,9dd49c7c0fa9ed77b4103f9e350c0378112749ade37016b836b4dafc318516e4,8a51de072888c4ac23576b563b28e8a3a68d45fb033991081ca19d6d3596fa58
clip_minmax_gaussian2c_minmax,2,bc,0.9918032786885246,0.9965986394557823,0.9894701086956522,0.9891304347826086,10,9dd49c7c0fa9ed77b4103f9e350c0378112749ade37016b836b4dafc318516e4,8a51de072888c4ac23576b563b28e8a3a68d45fb033991081ca19d6d3596fa58
clip_minmax_gaussian2c_minmax,3,bc,0.9715758857747223,1.0,0.9729950550108654,0.9728260869565217,10,9dd49c7c0fa9ed77b4103f9e350c0378112749ade37016b836b4dafc318516e4,8a51de072888c4ac23576b563b28e8a3a68d45fb033991081ca19d6d3596fa58
clip_minmax_gaussian2c_minmax,2,pi,0.9636435748281332,1.0,0.9730714812085483,0.9728260869565217,10,9dd49c7c0fa9ed77b4103f9e350c0378112749ade37016b836b4dafc318516e4,8a51de072888c4ac23576b563b28e8a3a68d45fb033991081ca19d6d3596fa58
clip_minmax_gaussian2c_minmax,3,pi,0.9594130089899524,0.9727891156462585,0.9621668406253386,0.9619565217391305,10,9dd49c7c0fa9ed77b4103f9e350c0378112749ade37016b836b4dafc318516e4,8a51de072888c4ac23576b563b28e8a3a68d45fb033991081ca19d6d3596fa58
clip_minmax_gaussian2c_minmax,2,ent,0.9756742464304601,1.0,0.9782608695652174,0.9782608695652174,10,9dd49c7c0fa9ed77b4103f9e350c0378112749ade37016b836b4dafc318516e4,8a51de072888c4ac23576b563b28e8a3a68d45fb033991081ca19d6d3596fa58
clip_minmax_gaussian2c_minmax,3,ent,0.9756742464304601,1.0,0.9782608695652174,0.9782608695652174,10,9dd49c7c0fa9ed77b4103f9e350c0378112749ade37016b836b4dafc318516e4,8a51de072888c4ac23576b563b28e8a3a68d45fb033991081ca19d6d3596fa58
clip_minmax_gaussian2c_minmax,2,ecc,0.9230565838180856,1.0,0.9344904160822814,0.9347826086956522,10,9dd49c7c0fa9ed77b4103f9e350c0378112749ade37016b836b4dafc318516e4,8a51de072888c4ac23576b563b28e8a3a68d45fb033991081ca19d6d3596fa58
clip_minmax_gaussian2c_minmax,3,ecc,0.9430195663670016,0.9761904761904762,0.9427652706367826,0.9402173913043478,10,9dd49c7c0fa9ed77b4103f9e350c0378112749ade37016b836b4dafc318516e4,8a51de072888c4ac23576b563b28e8a3a68d45fb033991081ca19d6d3596fa58
clip_minmax_gaussian2c_minmax,2,all,0.9636435748281332,1.0,0.9730714812085483,0.9728260869565217,10,9dd49c7c0fa9ed77b4103f9e350c0378112749ade37016b836b4dafc318516e4,8a51de072888c4ac23576b563b28e8a3a68d45fb033991081ca19d6d3596fa58
clip_minmax_gaussian2c_minmax,3,all,0.9676097303014278,1.0,0.9727804530361768,0.9728260869565217,10,9dd49c7c0fa9ed77b4103f9e350c0378112749ade37016b836b4dafc318516e4,8a51de072888c4ac23576b563b28e8a3a68d45fb033991081ca19d6d3596fa58
clip_minmax_gaussian2c_minmax,2,stat,0.9591485986250661,1.0,0.9551669817265281,0.9510869565217391,11,32e98fbe7806e7fd0ecf74015898e0dd80c90ae302905210b835841d785b0e06,2250b052985d11da7d43acff6fd0bbc2cf9b33ad4fc23c00ece647f5c18ea313
clip_minmax_gaussian2c_minmax,3,stat,0.9836065573770492,0.9897959183673469,0.979578392621871,0.9782608695652174,11,32e98fbe7806e7fd0ecf74015898e0dd80c90ae302905210b835841d785b0e06,2250b052985d11da7d43acff6fd0bbc2cf9b33ad4fc23c00ece647f5c18ea313
clip_minmax_gaussian2c_minmax,2,bc,0.9878371232152301,1.0,0.9891304347826086,0.9891304347826086,11,32e98fbe7806e7fd0ecf74015898e0dd80c90ae302905210b835841d785b0e06,2250b052985d11da7d43acff6fd0bbc2cf9b33ad4fc23c00ece647f5c18ea313
clip_minmax_gaussian2c_minmax,3,bc,0.9919354838709677,1.0,0.9946094026157652,0.9945652173913043,11,32e98fbe7806e7fd0ecf74015898e0dd80c90ae302905210b835841d785b0e06,2250b052985d11da7d43acff6fd0bbc2cf9b33ad4fc23c00ece647f5c18ea313
clip_minmax_gaussian2c_minmax,2,pi,0.9717080909571656,0.9965986394557823,0.9783426834969611,0.9782608695652174,11,32e98fbe7806e7fd0ecf74015898e0dd80c90ae302905210b835841d785b0e06,2250b052985d11da7d43acff6fd0bbc2cf9b33ad4fc23c00ece647f5c18ea313
clip_minmax_gaussian2c_minmax,3,pi,0.9471179270227393,0.9625850340136054,0.9474051495053706,0.9456521739130435,11,32e98fbe7806e7fd0ecf74015898e0dd80c90ae302905210b835841d785b0e06,2250b052985d11da7d43acff6fd0bbc2cf9b33ad4fc23c00ece647f5c18ea313
clip_minmax_gaussian2c_minmax,2,ent,0.955579058699101,0.9931972789115646,0.9678791556602652,0.967391304347826,11,32e98fbe7806e7fd0ecf74015898e0dd80c90ae302905210b835841d785b0e06,2250b052985d11da7d43acff6fd0bbc2cf9b33ad4fc23c00ece647f5c18ea313
clip_minmax_gaussian2c_minmax,3,ent,0.9838709677419355,1.0,0.9893057503506312,0.9891304347826086,11,32e98fbe7806e7fd0ecf74015898e0dd80c90ae302905210b835841d785b0e06,2250b052985d11da7d43acff6fd0bbc2cf9b33ad4fc23c00ece647f5c18ea313
clip_minmax_gaussian2c_minmax,2,ecc,0.9472501322051824,0.9659863945578231,0.9513386262398119,0.9510869565217391,11,32e98fbe7806e7fd0ecf74015898e0dd80c90ae302905210b835841d785b0e06,2250b052985d11da7d43acff6fd0bbc2cf9b33ad4fc23c00ece647f5c18ea313
clip_minmax_gaussian2c_minmax,3,ecc,0.9635113696456901,0.9795918367346939,0.967391304347826,0.967391304347826,11,32e98fbe7806e7fd0ecf74015898e0dd80c90ae302905210b835841d785b0e06,2250b052985d11da7d43acff6fd0bbc2cf9b33ad4fc23c00ece647f5c18ea313
clip_minmax_gaussian2c_minmax,2,all,0.9676097303014278,0.9897959183673469,0.9727804530361768,0.9728260869565217,11,32e98fbe7806e7fd0ecf74015898e0dd80c90ae302905210b835841d785b0e06,2250b052985d11da7d43acff6fd0bbc2cf9b33ad4fc23c00ece647f5c18ea313
clip_minmax_gaussian2c_minmax,3,all,1.0,1.0,1.0,1.0,11,32e98fbe7806e7fd0ecf74015898e0dd80c90ae302905210b835841d785b0e06,2250b052985d11da7d43acff6fd0bbc2cf9b33ad4fc23c00ece647f5c18ea313
clip_minmax_gaussian2c_minmax,2,stat,0.9919354838709677,0.9965986394557823,0.9946094026157652,0.9945652173913043,12,8f0f1a96625471dc4027d590b28275faf05cef49654d7bca11071d1b2db28dd7,46b63cde4764fbd3f455fcea9ba23f60f9fb64fb7b14258ff4d5ba69801a5e41
clip_minmax_gaussian2c_minmax,3,stat,0.9756742464304601,0.9829931972789115,0.9782608695652174,0.9782608695652174,12,8f0f1a96625471dc4027d590b28275faf05cef49654d7bca11071d1b2db28dd7,46b63cde4764fbd3f455fcea9ba23f60f9fb64fb7b14258ff4d5ba69801a5e41
clip_minmax_gaussian2c_minmax,2,bc,0.9797726070861978,0.9965986394557823,0.9836949278259711,0.9836956521739131,12,8f0f1a96625471dc4027d590b28275faf05cef49654d7bca11071d1b2db28dd7,46b63cde4764fbd3f455fcea9ba23f60f9fb64fb7b14258ff4d5ba69801a5e41
clip_minmax_gaussian2c_minmax,3,bc,0.9796404019037546,1.0,0.9786798007246378,0.9782608695652174,12,8f0f1a96625471dc4027d590b28275faf05cef49654d7bca11071d1b2db28dd7,46b63cde4764fbd3f455fcea9ba23f60f9fb64fb7b14258ff4d5ba69801a5e41
clip_minmax_gaussian2c_minmax,2,pi,0.9554468535166578,1.0,0.9618659782463825,0.9619565217391305,12,8f0f1a96625471dc4027d590b28275faf05cef49654d7bca11071d1b2db28dd7,46b63cde4764fbd3f455fcea9ba23f60f9fb64fb7b14258ff4d5ba69801a5e41
clip_minmax_gaussian2c_minmax,3,pi,0.9435483870967742,0.9659863945578231,0.9640208965284799,0.9619565217391305,12,8f0f1a96625471dc4027d590b28275faf05cef49654d7bca11071d1b2db28dd7,46b63cde4764fbd3f455fcea9ba23f60f9fb64fb7b14258ff4d5ba69801a5e41
clip_minmax_gaussian2c_minmax,2,ent,0.9838709677419355,1.0,0.9893057503506312,0.9891304347826086,12,8f0f1a96625471dc4027d590b28275faf05cef49654d7bca11071d1b2db28dd7,46b63cde4764fbd3f455fcea9ba23f60f9fb64fb7b14258ff4d5ba69801a5e41
clip_minmax_gaussian2c_minmax,3,ent,0.9838709677419355,1.0,0.9893057503506312,0.9891304347826086,12,8f0f1a96625471dc4027d590b28275faf05cef49654d7bca11071d1b2db28dd7,46b63cde4764fbd3f455fcea9ba23f60f9fb64fb7b14258ff4d5ba69801a5e41
clip_minmax_gaussian2c_minmax,2,ecc,0.9106292966684294,0.9693877551020408,0.9152319063888703,0.9130434782608695,12,8f0f1a96625471dc4027d590b28275faf05cef49654d7bca11071d1b2db28dd7,46b63cde4764fbd3f455fcea9ba23f60f9fb64fb7b14258ff4d5ba69801a5e41
clip_minmax_gaussian2c_minmax,3,ecc,0.9636435748281332,0.9727891156462585,0.9730714812085483,0.9728260869565217,12,8f0f1a96625471dc4027d590b28275faf05cef49654d7bca11071d1b2db28dd7,46b63cde4764fbd3f455fcea9ba23f60f9fb64fb7b14258ff4d5ba69801a5e41
clip_minmax_gaussian2c_minmax,2,all,0.9878371232152301,1.0,0.9891304347826086,0.9891304347826086,12,8f0f1a96625471dc4027d590b28275faf05cef49654d7bca11071d1b2db28dd7,46b63cde4764fbd3f455fcea9ba23f60f9fb64fb7b14258ff4d5ba69801a5e41
clip_minmax_gaussian2c_minmax,3,all,0.9635113696456901,0.9863945578231292,0.967391304347826,0.967391304347826,12,8f0f1a96625471dc4027d590b28275faf05cef49654d7bca11071d1b2db28dd7,46b63cde4764fbd3f455fcea9ba23f60f9fb64fb7b14258ff4d5ba69801a5e41
clip_minmax_gaussian2c_minmax,2,stat,0.9918032786885246,0.9965986394557823,0.9894701086956522,0.9891304347826086,13,e7fd5529a88b9488ed227e92ad79e6af5267f43747ad1d1949c03a41dcec445c,bc49200ca3657493c0500fa6f7ef066bc27c0d59f935b8522fdd453ea61d3cbc
clip_minmax_gaussian2c_minmax,3,stat,0.9713114754098361,1.0,0.9658160050409579,0.9619565217391305,13,e7fd5529a88b9488ed227e92ad79e6af5267f43747ad1d1949c03a41dcec445c,bc49200ca3657493c0500fa6f7ef066bc27c0d59f935b8522fdd453ea61d3cbc
clip_minmax_gaussian2c_minmax,2,bc,1.0,1.0,1.0,1.0,13,e7fd5529a88b9488ed227e92ad79e6af5267f43747ad1d1949c03a41dcec445c,bc49200ca3657493c0500fa6f7ef066bc27c0d59f935b8522fdd453ea61d3cbc
clip_minmax_gaussian2c_minmax,3,bc,0.9878371232152301,1.0,0.9891304347826086,0.9891304347826086,13,e7fd5529a88b9488ed227e92ad79e6af5267f43747ad1d1949c03a41dcec445c,bc49200ca3657493c0500fa6f7ef066bc27c0d59f935b8522fdd453ea61d3cbc
clip_minmax_gaussian2c_minmax,2,pi,0.9553146483342148,1.0,0.9570991847826086,0.9565217391304348,13,e7fd5529a88b9488ed227e92ad79e6af5267f43747ad1d1949c03a41dcec445c,bc49200ca3657493c0500fa6f7ef066bc27c0d59f935b8522fdd453ea61d3cbc
clip_minmax_gaussian2c_minmax,3,pi,0.9596774193548387,0.9591836734693877,0.9738959260527217,0.9728260869565217,13,e7fd5529a88b9488ed227e92ad79e6af5267f43747ad1d1949c03a41dcec445c,bc49200ca3657493c0500fa6f7ef066bc27c0d59f935b8522fdd453ea61d3cbc
clip_minmax_gaussian2c_minmax,2,ent,0.9797726070861978,1.0,0.9836949278259711,0.9836956521739131,13,e7fd5529a88b9488ed227e92ad79e6af5267f43747ad1d1949c03a41dcec445c,bc49200ca3657493c0500fa6f7ef066bc27c0d59f935b8522fdd453ea61d3cbc
clip_minmax_gaussian2c_minmax,3,ent,0.9878371232152301,1.0,0.9891304347826086,0.9891304347826086,13,e7fd5529a88b9488ed227e92ad79e6af5267f43747ad1d1949c03a41dcec445c,bc49200ca3657493c0500fa6f7ef066bc27c0d59f935b8522fdd453ea61d3cbc
clip_minmax_gaussian2c_minmax,2,ecc,0.9308566895822317,0.95578231292517,0.9320690305440467,0.9293478260869565,13,e7fd5529a88b9488ed227e92ad79e6af5267f43747ad1d1949c03a41dcec445c,bc49200ca3657493c0500fa6f7ef066bc27c0d59f935b8522fdd453ea61d3cbc
clip_minmax_gaussian2c_minmax,3,ecc,0.9391856160761501,1.0,0.9456521739130435,0.9456521739130435,13,e7fd5529a88b9488ed227e92ad79e6af5267f43747ad1d1949c03a41dcec445c,bc49200ca3657493c0500fa6f7ef066bc27c0d59f935b8522fdd453ea61d3cbc
clip_minmax_gaussian2c_minmax,2,all,0.9836065573770492,1.0,0.979578392621871,0.9782608695652174,13,e7fd5529a88b9488ed227e92ad79e6af5267f43747ad1d1949c03a41dcec445c,bc49200ca3657493c0500fa6f7ef066bc27c0d59f935b8522fdd453ea61d3cbc
clip_minmax_gaussian2c_minmax,3,all,0.9796404019037546,1.0,0.9786798007246378,0.9782608695652174,13,e7fd5529a88b9488ed227e92ad79e6af5267f43747ad1d1949c03a41dcec445c,bc49200ca3657493c0500fa6f7ef066bc27c0d59f935b8522fdd453ea61d3cbc
clip_minmax_gaussian2c_minmax,2,stat,1.0,0.9965986394557823,1.0,1.0,14,83bd704b7fd0e729391cd3ce2a68ab4573c59e78eee6471a33d4f984123608bc,dfe99182fb9fe80196182a0befef54625758dd71c082f553531bdaf3451c02b8
clip_minmax_gaussian2c_minmax,3,stat,0.9795081967213115,0.9829931972789115,0.9748539909149904,0.9728260869565217,14,83bd704b7fd0e729391cd3ce2a68ab4573c59e78eee6471a33d4f984123608bc,dfe99182fb9fe80196182a0befef54625758dd71c082f553531bdaf3451c02b8
clip_minmax_gaussian2c_minmax,2,bc,0.9837387625594923,1.0,0.983823269396392,0.9836956521739131,14,83bd704b7fd0e729391cd3ce2a68ab4573c59e78eee6471a33d4f984123608bc,dfe99182fb9fe80196182a0befef54625758dd71c082f553531bdaf3451c02b8
clip_minmax_gaussian2c_minmax,3,bc,0.9756742464304601,1.0,0.9782608695652174,0.9782608695652174,14,83bd704b7fd0e729391cd3ce2a68ab4573c59e78eee6471a33d4f984123608bc,dfe99182fb9fe80196182a0befef54625758dd71c082f553531bdaf3451c02b8
clip_minmax_gaussian2c_minmax,2,pi,0.9836065573770492,1.0,0.979578392621871,0.9782608695652174,14,83bd704b7fd0e729391cd3ce2a68ab4573c59e78eee6471a33d4f984123608bc,dfe99182fb9fe80196182a0befef54625758dd71c082f553531bdaf3451c02b8
clip_minmax_gaussian2c_minmax,3,pi,0.9551824431517716,0.9761904761904762,0.9534615107295185,0.9510869565217391,14,83bd704b7fd0e729391cd3ce2a68ab4573c59e78eee6471a33d4f984123608bc,dfe99182fb9fe80196182a0befef54625758dd71c082f553531bdaf3451c02b8
clip_minmax_gaussian2c_minmax,2,ent,0.9919354838709677,0.9965986394557823,0.9946094026157652,0.9945652173913043,14,83bd704b7fd0e729391cd3ce2a68ab4573c59e78eee6471a33d4f984123608bc,dfe99182fb9fe80196182a0befef54625758dd71c082f553531bdaf3451c02b8
clip_minmax_gaussian2c_minmax,3,ent,1.0,1.0,1.0,1.0,14,83bd704b7fd0e729391cd3ce2a68ab4573c59e78eee6471a33d4f984123608bc,dfe99182fb9fe80196182a0befef54625758dd71c082f553531bdaf3451c02b8
clip_minmax_gaussian2c_minmax,2,ecc,0.9594130089899524,0.9523809523809523,0.9621668406253386,0.9619565217391305,14,83bd704b7fd0e729391cd3ce2a68ab4573c59e78eee6471a33d4f984123608bc,dfe99182fb9fe80196182a0befef54625758dd71c082f553531bdaf3451c02b8
clip_minmax_gaussian2c_minmax,3,ecc,0.9673453199365415,0.9965986394557823,0.9641577508222544,0.9619565217391305,14,83bd704b7fd0e729391cd3ce2a68ab4573c59e78eee6471a33d4f984123608bc,dfe99182fb9fe80196182a0befef54625758dd71c082f553531bdaf3451c02b8
clip_minmax_gaussian2c_minmax,2,all,0.9918032786885246,1.0,0.9894701086956522,0.9891304347826086,14,83bd704b7fd0e729391cd3ce2a68ab4573c59e78eee6471a33d4f984123608bc,dfe99182fb9fe80196182a0befef54625758dd71c082f553531bdaf3451c02b8
clip_minmax_gaussian2c_minmax,3,all,0.9959016393442623,1.0,0.9946514837819186,0.9945652173913043,14,83bd704b7fd0e729391cd3ce2a68ab4573c59e78eee6471a33d4f984123608bc,dfe99182fb9fe80196182a0befef54625758dd71c082f553531bdaf3451c02b8
clip_minmax_gaussian2c_minmax,2,stat,0.967741935483871,1.0,0.9789510006901311,0.9782608695652174,15,33b92d0371e41548dd9a1cfdf36add9ad8f17b92b099297b686974eac57079e1,87e9acfbba450fe1ee30ec67e8815699d424578444063b6f2c6c3d3d8edb585d
clip_minmax_gaussian2c_minmax,3,stat,0.9756742464304601,0.9795918367346939,0.9782608695652174,0.9782608695652174,15,33b92d0371e41548dd9a1cfdf36add9ad8f17b92b099297b686974eac57079e1,87e9acfbba450fe1ee30ec67e8815699d424578444063b6f2c6c3d3d8edb585d
clip_minmax_gaussian2c_minmax,2,bc,0.9838709677419355,1.0,0.9893057503506312,0.9891304347826086,15,33b92d0371e41548dd9a1cfdf36add9ad8f17b92b099297b686974eac57079e1,87e9acfbba450fe1ee30ec67e8815699d424578444063b6f2c6c3d3d8edb585d
clip_minmax_gaussian2c_minmax,3,bc,0.9676097303014278,1.0,0.9727804530361768,0.9728260869565217,15,33b92d0371e41548dd9a1cfdf36add9ad8f17b92b099297b686974eac57079e1,87e9acfbba450fe1ee30ec67e8815699d424578444063b6f2c6c3d3d8edb585d
clip_minmax_gaussian2c_minmax,2,pi,0.955579058699101,1.0,0.9678791556602652,0.967391304347826,15,33b92d0371e41548dd9a1cfdf36add9ad8f17b92b099297b686974eac57079e1,87e9acfbba450fe1ee30ec67e8815699d424578444063b6f2c6c3d3d8edb585d
clip_minmax_gaussian2c_minmax,3,pi,0.935483870967742,0.9659863945578231,0.9591973244147157,0.9565217391304348,15,33b92d0371e41548dd9a1cfdf36add9ad8f17b92b099297b686974eac57079e1,87e9acfbba450fe1ee30ec67e8815699d424578444063b6f2c6c3d3d8edb585d
clip_minmax_gaussian2c_minmax,2,ent,0.9553146483342148,1.0,0.9570991847826086,0.9565217391304348,15,33b92d0371e41548dd9a1cfdf36add9ad8f17b92b099297b686974eac57079e1,87e9acfbba450fe1ee30ec67e8815699d424578444063b6f2c6c3d3d8edb585d
clip_minmax_gaussian2c_minmax,3,ent,0.9877049180327868,1.0,0.9844481605351171,0.9836956521739131,15,33b92d0371e41548dd9a1cfdf36add9ad8f17b92b099297b686974eac57079e1,87e9acfbba450fe1ee30ec67e8815699d424578444063b6f2c6c3d3d8edb585d
clip_minmax_gaussian2c_minmax,2,ecc,0.9432839767318879,1.0,0.9509515034565884,0.9510869565217391,15,33b92d0371e41548dd9a1cfdf36add9ad8f17b92b099297b686974eac57079e1,87e9acfbba450fe1ee30ec67e8815699d424578444063b6f2c6c3d3d8edb585d
clip_minmax_gaussian2c_minmax,3,ecc,0.9756742464304601,1.0,0.9782608695652174,0.9782608695652174,15,33b92d0371e41548dd9a1cfdf36add9ad8f17b92b099297b686974eac57079e1,87e9acfbba450fe1ee30ec67e8815699d424578444063b6f2c6c3d3d8edb585d
clip_minmax_gaussian2c_minmax,2,all,0.9878371232152301,1.0,0.9891304347826086,0.9891304347826086,15,33b92d0371e41548dd9a1cfdf36add9ad8f17b92b099297b686974eac57079e1,87e9acfbba450fe1ee30ec67e8815699d424578444063b6f2c6c3d3d8edb585d
clip_minmax_gaussian2c_minmax,3,all,0.9797726070861978,1.0,0.9836949278259711,0.9836956521739131,15,33b92d0371e41548dd9a1cfdf36add9ad8f17b92b099297b686974eac57079e1,87e9acfbba450fe1ee30ec67e8815699d424578444063b6f2c6c3d3d8edb585d
clip_minmax_gaussian2c_minmax,2,stat,0.9636435748281332,1.0,0.9730714812085483,0.9728260869565217,16,b94b113dd6ba4256df9452c06cc5103ecb1442ff32808e5c8c3255598714604e,8725effde72b4a5c53472a8d63c1273dc9f65d02737ebcca872278217adca9a2
clip_minmax_gaussian2c_minmax,3,stat,0.9514806980433632,0.9897959183673469,0.9620560058953573,0.9619565217391305,16,b94b113dd6ba4256df9452c06cc5103ecb1442ff32808e5c8c3255598714604e,8725effde72b4a5c53472a8d63c1273dc9f65d02737ebcca872278217adca9a2
clip_minmax_gaussian2c_minmax,2,bc,0.9837387625594923,1.0,0.983823269396392,0.9836956521739131,16,b94b113dd6ba4256df9452c06cc5103ecb1442ff32808e5c8c3255598714604e,8725effde72b4a5c53472a8d63c1273dc9f65d02737ebcca872278217adca9a2
clip_minmax_gaussian2c_minmax,3,bc,0.9431517715494446,1.0,0.9463088768115943,0.9456521739130435,16,b94b113dd6ba4256df9452c06cc5103ecb1442ff32808e5c8c3255598714604e,8725effde72b4a5c53472a8d63c1273dc9f65d02737ebcca872278217adca9a2
clip_minmax_gaussian2c_minmax,2,pi,0.9758064516129032,1.0,0.9840869565217392,0.9836956521739131,16,b94b113dd6ba4256df9452c06cc5103ecb1442ff32808e5c8c3255598714604e,8725effde72b4a5c53472a8d63c1273dc9f65d02737ebcca872278217adca9a2
clip_minmax_gaussian2c_minmax,3,pi,0.967741935483871,0.9625850340136054,0.9789510006901311,0.9782608695652174,16,b94b113dd6ba4256df9452c06cc5103ecb1442ff32808e5c8c3255598714604e,8725effde72b4a5c53472a8d63c1273dc9f65d02737ebcca872278217adca9a2
clip_minmax_gaussian2c_minmax,2,ent,0.9595452141723955,1.0,0.9673796166432913,0.967391304347826,16,b94b113dd6ba4256df9452c06cc5103ecb1442ff32808e5c8c3255598714604e,8725effde72b4a5c53472a8d63c1273dc9f65d02737ebcca872278217adca9a2
clip_minmax_gaussian2c_minmax,3,ent,0.9758064516129032,1.0,0.9840869565217392,0.9836956521739131,16,b94b113dd6ba4256df9452c06cc5103ecb1442ff32808e5c8c3255598714604e,8725effde72b4a5c53472a8d63c1273dc9f65d02737ebcca872278217adca9a2
clip_minmax_gaussian2c_minmax,2,ecc,0.886832363828662,0.9897959183673469,0.9138362442710267,0.9130434782608695,16,b94b113dd6ba4256df9452c06cc5103ecb1442ff32808e5c8c3255598714604e,8725effde72b4a5c53472a8d63c1273dc9f65d02737ebcca872278217adca9a2
clip_minmax_gaussian2c_minmax,3,ecc,0.9435483870967742,0.9965986394557823,0.9640208965284799,0.9619565217391305,16,b94b113dd6ba4256df9452c06cc5103ecb1442ff32808e5c8c3255598714604e,8725effde72b4a5c53472a8d63c1273dc9f65d02737ebcca872278217adca9a2
clip_minmax_gaussian2c_minmax,2,all,0.967741935483871,1.0,0.9789510006901311,0.9782608695652174,16,b94b113dd6ba4256df9452c06cc5103ecb1442ff32808e5c8c3255598714604e,8725effde72b4a5c53472a8d63c1273dc9f65d02737ebcca872278217adca9a2
clip_minmax_gaussian2c_minmax,3,all,0.9919354838709677,1.0,0.9946094026157652,0.9945652173913043,16,b94b113dd6ba4256df9452c06cc5103ecb1442ff32808e5c8c3255598714604e,8725effde72b4a5c53472a8d63c1273dc9f65d02737ebcca872278217adca9a2
clip_minmax_gaussian2c_minmax,2,stat,0.9715758857747223,0.9897959183673469,0.9729950550108654,0.9728260869565217,17,5089e8b635924fa14773537063ef4345afc8f505d52c9cf234481556ab95184a,9ab7e08293ef82c0a78255c3a0fa7b19752b24f864a7d4976ee5b39a6c5158b0
clip_minmax_gaussian2c_minmax,3,stat,0.9959016393442623,0.9829931972789115,0.9946514837819186,0.9945652173913043,17,5089e8b635924fa14773537063ef4345afc8f505d52c9cf234481556ab95184a,9ab7e08293ef82c0a78255c3a0fa7b19752b24f864a7d4976ee5b39a6c5158b0
clip_minmax_gaussian2c_minmax,2,bc,0.9877049180327868,1.0,0.9844481605351171,0.9836956521739131,17,5089e8b635924fa14773537063ef4345afc8f505d52c9cf234481556ab95184a,9ab7e08293ef82c0a78255c3a0fa7b19752b24f864a7d4976ee5b39a6c5158b0
clip_minmax_gaussian2c_minmax,3,bc,0.9918032786885246,0.9965986394557823,0.9894701086956522,0.9891304347826086,17,5089e8b635924fa14773537063ef4345afc8f505d52c9cf234481556ab95184a,9ab7e08293ef82c0a78255c3a0fa7b19752b24f864a7d4976ee5b39a6c5158b0
clip_minmax_gaussian2c_minmax,2,pi,0.9838709677419355,1.0,0.9893057503506312,0.9891304347826086,17,5089e8b635924fa14773537063ef4345afc8f505d52c9cf234481556ab95184a,9ab7e08293ef82c0a78255c3a0fa7b19752b24f864a7d4976ee5b39a6c5158b0
clip_minmax_gaussian2c_minmax,3,pi,0.9836065573770492,0.95578231292517,0.979578392621871,0.9782608695652174,17,5089e8b635924fa14773537063ef4345afc8f505d52c9cf234481556ab95184a,9ab7e08293ef82c0a78255c3a0fa7b19752b24f864a7d4976ee5b39a6c5158b0
clip_minmax_gaussian2c_minmax,2,ent,0.9838709677419355,1.0,0.9893057503506312,0.9891304347826086,17,5089e8b635924fa14773537063ef4345afc8f505d52c9cf234481556ab95184a,9ab7e08293ef82c0a78255c3a0fa7b19752b24f864a7d4976ee5b39a6c5158b0
clip_minmax_gaussian2c_minmax,3,ent,0.9758064516129032,1.0,0.9840869565217392,0.9836956521739131,17,5089e8b635924fa14773537063ef4345afc8f505d52c9cf234481556ab95184a,9ab7e08293ef82c0a78255c3a0fa7b19752b24f864a7d4976ee5b39a6c5158b0
clip_minmax_gaussian2c_minmax,2,ecc,0.9553146483342148,0.9591836734693877,0.9570991847826086,0.9565217391304348,17,5089e8b635924fa14773537063ef4345afc8f505d52c9cf234481556ab95184a,9ab7e08293ef82c0a78255c3a0fa7b19752b24f864a7d4976ee5b39a6c5158b0
clip_minmax_gaussian2c_minmax,3,ecc,0.9553146483342148,0.9965986394557823,0.9570991847826086,0.9565217391304348,17,5089e8b635924fa14773537063ef4345afc8f505d52c9cf234481556ab95184a,9ab7e08293ef82c0a78255c3a0fa7b19752b24f864a7d4976ee5b39a6c5158b0
clip_minmax_gaussian2c_minmax,2,all,0.9796404019037546,0.9897959183673469,0.9786798007246378,0.9782608695652174,17,5089e8b635924fa14773537063ef4345afc8f505d52c9cf234481556ab95184a,9ab7e08293ef82c0a78255c3a0fa7b19752b24f864a7d4976ee5b39a6c5158b0
clip_minmax_gaussian2c_minmax,3,all,0.9919354838709677,1.0,0.9946094026157652,0.9945652173913043,17,5089e8b635924fa14773537063ef4345afc8f505d52c9cf234481556ab95184a,9ab7e08293ef82c0a78255c3a0fa7b19752b24f864a7d4976ee5b39a6c5158b0
clip_minmax_gaussian2c_minmax,2,stat,0.9756742464304601,0.9965986394557823,0.9782608695652174,0.9782608695652174,18,594d6d06e97bb6d7418b74d4b9061d8899ec26331fc89e96f405257e5c32a1f9,d38a5129480c7d698d22840662f43ad30492df48dc1621a6bc11ffaad2f7b96f
clip_minmax_gaussian2c_minmax,3,stat,0.9635113696456901,0.9931972789115646,0.967391304347826,0.967391304347826,18,594d6d06e97bb6d7418b74d4b9061d8899ec26331fc89e96f405257e5c32a1f9,d38a5129480c7d698d22840662f43ad30492df48dc1621a6bc11ffaad2f7b96f
clip_minmax_gaussian2c_minmax,2,bc,0.9717080909571656,0.9965986394557823,0.9783426834969611,0.9782608695652174,18,594d6d06e97bb6d7418b74d4b9061d8899ec26331fc89e96f405257e5c32a1f9,d38a5129480c7d698d22840662f43ad30492df48dc1621a6bc11ffaad2f7b96f
clip_minmax_gaussian2c_minmax,3,bc,0.9554468535166578,1.0,0.9618659782463825,0.9619565217391305,18,594d6d06e97bb6d7418b74d4b9061d8899ec26331fc89e96f405257e5c32a1f9,d38a5129480c7d698d22840662f43ad30492df48dc1621a6bc11ffaad2f7b96f
clip_minmax_gaussian2c_minmax,2,pi,0.9797726070861978,1.0,0.9836949278259711,0.9836956521739131,18,594d6d06e97bb6d7418b74d4b9061d8899ec26331fc89e96f405257e5c32a1f9,d38a5129480c7d698d22840662f43ad30492df48dc1621a6bc11ffaad2f7b96f
clip_minmax_gaussian2c_minmax,3,pi,0.9475145425700687,0.9693877551020408,0.9627635933380181,0.9619565217391305,18,594d6d06e97bb6d7418b74d4b9061d8899ec26331fc89e96f405257e5c32a1f9,d38a5129480c7d698d22840662f43ad30492df48dc1621a6bc11ffaad2f7b96f
clip_minmax_gaussian2c_minmax,2,ent,0.9878371232152301,1.0,0.9891304347826086,0.9891304347826086,18,594d6d06e97bb6d7418b74d4b9061d8899ec26331fc89e96f405257e5c32a1f9,d38a5129480c7d698d22840662f43ad30492df48dc1621a6bc11ffaad2f7b96f
clip_minmax_gaussian2c_minmax,3,ent,0.9676097303014278,1.0,0.9727804530361768,0.9728260869565217,18,594d6d06e97bb6d7418b74d4b9061d8899ec26331fc89e96f405257e5c32a1f9,d38a5129480c7d698d22840662f43ad30492df48dc1621a6bc11ffaad2f7b96f
clip_minmax_gaussian2c_minmax,2,ecc,0.9513484928609202,0.9523809523809523,0.9565217391304348,0.9565217391304348,18,594d6d06e97bb6d7418b74d4b9061d8899ec26331fc89e96f405257e5c32a1f9,d38a5129480c7d698d22840662f43ad30492df48dc1621a6bc11ffaad2f7b96f
clip_minmax_gaussian2c_minmax,3,ecc,0.9717080909571656,0.9727891156462585,0.9783426834969611,0.9782608695652174,18,594d6d06e97bb6d7418b74d4b9061d8899ec26331fc89e96f405257e5c32a1f9,d38a5129480c7d698d22840662f43ad30492df48dc1621a6bc11ffaad2f7b96f
clip_minmax_gaussian2c_minmax,2,all,0.9837387625594923,1.0,0.983823269396392,0.9836956521739131,18,594d6d06e97bb6d7418b74d4b9061d8899ec26331fc89e96f405257e5c32a1f9,d38a5129480c7d698d22840662f43ad30492df48dc1621a6bc11ffaad2f7b96f
clip_minmax_gaussian2c_minmax,3,all,0.9877049180327868,1.0,0.9844481605351171,0.9836956521739131,18,594d6d06e97bb6d7418b74d4b9061d8899ec26331fc89e96f405257e5c32a1f9,d38a5129480c7d698d22840662f43ad30492df48dc1621a6bc11ffaad2f7b96f
clip_minmax_gaussian2c_minmax,2,stat,0.9919354838709677,0.9965986394557823,0.9946094026157652,0.9945652173913043,19,1731d21c32e69c5cbe7260b65ea7262b59ce345bb33ec349c9e44a7e4ba54373,8e4e177f4274a8b95743c9d794bbd616c90ca8bc84956358bba7c3a845df6cbf
clip_minmax_gaussian2c_minmax,3,stat,0.9797726070861978,0.9965986394557823,0.9836949278259711,0.9836956521739131,19,1731d21c32e69c5cbe7260b65ea7262b59ce345bb33ec349c9e44a7e4ba54373,8e4e177f4274a8b95743c9d794bbd616c90ca8bc84956358bba7c3a845df6cbf
clip_minmax_gaussian2c_minmax,2,bc,0.9959016393442623,0.9931972789115646,0.9946514837819186,0.9945652173913043,19,1731d21c32e69c5cbe7260b65ea7262b59ce345bb33ec349c9e44a7e4ba54373,8e4e177f4274a8b95743c9d794bbd616c90ca8bc84956358bba7c3a845df6cbf
clip_minmax_gaussian2c_minmax,3,bc,0.9674775251189847,1.0,0.967889492753623,0.967391304347826,19,1731d21c32e69c5cbe7260b65ea7262b59ce345bb33ec349c9e44a7e4ba54373,8e4e177f4274a8b95743c9d794bbd616c90ca8bc84956358bba7c3a845df6cbf
clip_minmax_gaussian2c_minmax,2,pi,0.9838709677419355,1.0,0.9893057503506312,0.9891304347826086,19,1731d21c32e69c5cbe7260b65ea7262b59ce345bb33ec349c9e44a7e4ba54373,8e4e177f4274a8b95743c9d794bbd616c90ca8bc84956358bba7c3a845df6cbf
clip_minmax_gaussian2c_minmax,3,pi,0.9635113696456901,0.9659863945578231,0.967391304347826,0.967391304347826,19,1731d21c32e69c5cbe7260b65ea7262b59ce345bb33ec349c9e44a7e4ba54373,8e4e177f4274a8b95743c9d794bbd616c90ca8bc84956358bba7c3a845df6cbf
clip_minmax_gaussian2c_minmax,2,ent,0.9878371232152301,1.0,0.9891304347826086,0.9891304347826086,19,1731d21c32e69c5cbe7260b65ea7262b59ce345bb33ec349c9e44a7e4ba54373,8e4e177f4274a8b95743c9d794bbd616c90ca8bc84956358bba7c3a845df6cbf
clip_minmax_gaussian2c_minmax,3,ent,0.9837387625594923,1.0,0.983823269396392,0.9836956521739131,19,1731d21c32e69c5cbe7260b65ea7262b59ce345bb33ec349c9e44a7e4ba54373,8e4e177f4274a8b95743c9d794bbd616c90ca8bc84956358bba7c3a845df6cbf
clip_minmax_gaussian2c_minmax,2,ecc,0.9551824431517716,0.9931972789115646,0.9534615107295185,0.9510869565217391,19,1731d21c32e69c5cbe7260b65ea7262b59ce345bb33ec349c9e44a7e4ba54373,8e4e177f4274a8b95743c9d794bbd616c90ca8bc84956358bba7c3a845df6cbf
clip_minmax_gaussian2c_minmax,3,ecc,0.9715758857747223,0.9693877551020408,0.9729950550108654,0.9728260869565217,19,1731d21c32e69c5cbe7260b65ea7262b59ce345bb33ec349c9e44a7e4ba54373,8e4e177f4274a8b95743c9d794bbd616c90ca8bc84956358bba7c3a845df6cbf
clip_minmax_gaussian2c_minmax,2,all,0.9918032786885246,1.0,0.9894701086956522,0.9891304347826086,19,1731d21c32e69c5cbe7260b65ea7262b59ce345bb33ec349c9e44a7e4ba54373,8e4e177f4274a8b95743c9d794bbd616c90ca8bc84956358bba7c3a845df6cbf
clip_minmax_gaussian2c_minmax,3,all,0.9797726070861978,1.0,0.9836949278259711,0.9836956521739131,19,1731d21c32e69c5cbe7260b65ea7262b59ce345bb33ec349c9e44a7e4ba54373,8e4e177f4274a8b95743c9d794bbd616c90ca8bc84956358bba7c3a845df6cbf
